[
  {
    "id": "5aa9d92b-ebc0-4478-bf1d-d1f6bbb3ee62",
    "data": [
      {
        "text": "I would like to go to ",
        "userDefined": false
      },
      {
        "text": "museums",
        "alias": "category",
        "meta": "@category",
        "userDefined": true
      },
      {
        "text": " and ",
        "userDefined": false
      },
      {
        "text": "nature parks",
        "alias": "category",
        "meta": "@category",
        "userDefined": false
      }
    ],
    "isTemplate": false,
    "count": 0,
    "updated": 0
  },
  {
    "id": "da0e0d68-1fca-4324-a07e-fde5654343b0",
    "data": [
      {
        "text": "museums",
        "alias": "category",
        "meta": "@category",
        "userDefined": false
      },
      {
        "text": " and ",
        "userDefined": false
      },
      {
        "text": "water parks",
        "alias": "category",
        "meta": "@category",
        "userDefined": true
      }
    ],
    "isTemplate": false,
    "count": 0,
    "updated": 0
  },
  {
    "id": "f9f5b855-781c-4dfe-adc9-8844c0e31f81",
    "data": [
      {
        "text": "I like ",
        "userDefined": false
      },
      {
        "text": "museums",
        "alias": "category",
        "meta": "@category",
        "userDefined": false
      },
      {
        "text": " and ",
        "userDefined": false
      },
      {
        "text": "nature parks",
        "alias": "category",
        "meta": "@category",
        "userDefined": true
      }
    ],
    "isTemplate": false,
    "count": 0,
    "updated": 0
  },
  {
    "id": "da17910d-1a08-482b-98c8-f04165727642",
    "data": [
      {
        "text": "I like to visit ",
        "userDefined": false
      },
      {
        "text": "museums",
        "alias": "category",
        "meta": "@category",
        "userDefined": false
      }
    ],
    "isTemplate": false,
    "count": 0,
    "updated": 0
  }
]