[
  {
    "id": "30fbcfb7-f085-49fe-89be-40db25b5110f",
    "data": [
      {
        "text": "what",
        "alias": "interrogative",
        "meta": "@sys.any",
        "userDefined": true
      },
      {
        "text": " is ",
        "userDefined": false
      },
      {
        "text": "art in society",
        "alias": "events-name",
        "meta": "@sys.any",
        "userDefined": true
      }
    ],
    "isTemplate": false,
    "count": 0,
    "updated": 0
  },
  {
    "id": "0bf4fa00-4068-44b4-8bb2-5227bdc0b39d",
    "data": [
      {
        "text": "When",
        "alias": "interrogative",
        "meta": "@sys.any",
        "userDefined": true
      },
      {
        "text": " is ",
        "userDefined": false
      },
      {
        "text": "Vesak Day",
        "alias": "events-name",
        "meta": "@sys.any",
        "userDefined": true
      }
    ],
    "isTemplate": false,
    "count": 0,
    "updated": 0
  },
  {
    "id": "3891c5a9-1a6e-4225-8090-3e78522004c9",
    "data": [
      {
        "text": "Is there anything interesting ",
        "userDefined": false
      },
      {
        "text": "in July",
        "alias": "date-period",
        "meta": "@sys.date-period",
        "userDefined": false
      }
    ],
    "isTemplate": false,
    "count": 0,
    "updated": 0
  },
  {
    "id": "a5b8d269-8f8e-4016-84e8-9f78885d0ead",
    "data": [
      {
        "text": "Are there any events ",
        "userDefined": false
      },
      {
        "text": "in July",
        "alias": "date-period",
        "meta": "@sys.date-period",
        "userDefined": false
      }
    ],
    "isTemplate": false,
    "count": 0,
    "updated": 0
  },
  {
    "id": "667751d3-ee51-484b-9e49-52bf91112862",
    "data": [
      {
        "text": "events ",
        "userDefined": false
      },
      {
        "text": "in July",
        "alias": "date-period",
        "meta": "@sys.date-period",
        "userDefined": false
      }
    ],
    "isTemplate": false,
    "count": 0,
    "updated": 0
  }
]