[
  {
    "id": "d35b0816-aabe-41fe-abc3-d71c5d1eb907",
    "data": [
      {
        "text": "I prefer ",
        "userDefined": false
      },
      {
        "text": "events",
        "alias": "TypeThings",
        "meta": "@TypeThings",
        "userDefined": false
      }
    ],
    "isTemplate": false,
    "count": 0,
    "updated": 0
  },
  {
    "id": "cf622681-38a9-4d97-af34-133d5db71322",
    "data": [
      {
        "text": "attractions",
        "alias": "TypeThings",
        "meta": "@TypeThings",
        "userDefined": false
      }
    ],
    "isTemplate": false,
    "count": 0,
    "updated": 0
  },
  {
    "id": "3a45bc4e-3cae-401a-b102-b8c03626cf8b",
    "data": [
      {
        "text": "events",
        "alias": "TypeThings",
        "meta": "@TypeThings",
        "userDefined": false
      }
    ],
    "isTemplate": false,
    "count": 0,
    "updated": 0
  }
]