[
  {
    "id": "69e38b4b-5aa1-41d0-8ea0-54fdc12c6481",
    "data": [
      {
        "text": "with my ",
        "userDefined": false
      },
      {
        "text": "girlfriend",
        "alias": "travellerType",
        "meta": "@travellerType",
        "userDefined": false
      }
    ],
    "isTemplate": false,
    "count": 0,
    "updated": 0
  },
  {
    "id": "0ada1161-c9d0-49cb-b605-912fc0404be9",
    "data": [
      {
        "text": "my ",
        "userDefined": false
      },
      {
        "text": "girlfriend",
        "alias": "travellerType",
        "meta": "@travellerType",
        "userDefined": false
      }
    ],
    "isTemplate": false,
    "count": 0,
    "updated": 0
  },
  {
    "id": "1b20d80a-5544-4322-87c5-9409c8011fe4",
    "data": [
      {
        "text": "my ",
        "userDefined": false
      },
      {
        "text": "friends",
        "alias": "travellerType",
        "meta": "@travellerType",
        "userDefined": false
      }
    ],
    "isTemplate": false,
    "count": 0,
    "updated": 0
  },
  {
    "id": "ab14088d-d5fd-4254-b3b8-c9458faa39cb",
    "data": [
      {
        "text": "I am with my ",
        "userDefined": false
      },
      {
        "text": "friends",
        "alias": "travellerType",
        "meta": "@travellerType",
        "userDefined": false
      }
    ],
    "isTemplate": false,
    "count": 0,
    "updated": 0
  },
  {
    "id": "06477f3f-7875-471b-a104-d51cf8ef01ab",
    "data": [
      {
        "text": "I am travelling as a ",
        "userDefined": false
      },
      {
        "text": "couple",
        "alias": "travellerType",
        "meta": "@travellerType",
        "userDefined": false
      }
    ],
    "isTemplate": false,
    "count": 0,
    "updated": 0
  },
  {
    "id": "0ff18d46-887c-4d59-b64d-076bdc1d2d50",
    "data": [
      {
        "text": "I am with ",
        "userDefined": false
      },
      {
        "text": "friends",
        "alias": "travellerType",
        "meta": "@travellerType",
        "userDefined": false
      }
    ],
    "isTemplate": false,
    "count": 0,
    "updated": 0
  },
  {
    "id": "50bbf923-11bd-4252-a5ca-d6d5da6a56de",
    "data": [
      {
        "text": "I am travelling with ",
        "userDefined": false
      },
      {
        "text": "family",
        "alias": "travellerType",
        "meta": "@travellerType",
        "userDefined": false
      }
    ],
    "isTemplate": false,
    "count": 0,
    "updated": 0
  }
]