[
  {
    "value": "AmusementPark",
    "synonyms": [
      "adventure park",
      "amusement park",
      "theme park",
      "water park"
    ]
  },
  {
    "value": "Landmark",
    "synonyms": [
      "City Landmarks",
      "landmark",
      "sights",
      "sightseeing"
    ]
  },
  {
    "value": "Museum",
    "synonyms": [
      "museum",
      "museums"
    ]
  },
  {
    "value": "NaturePark",
    "synonyms": [
      "Nature and Parks",
      "garden",
      "gardens",
      "nature",
      "nature park",
      "nature parks",
      "park",
      "parks"
    ]
  },
  {
    "value": "Shopping",
    "synonyms": [
      "malls",
      "markets",
      "shopping"
    ]
  },
  {
    "value": "aquarium",
    "synonyms": [
      "aquarium",
      "water"
    ]
  },
  {
    "value": "art_gallery",
    "synonyms": [
      "art gallery",
      "galleries",
      "gallery"
    ]
  },
  {
    "value": "church",
    "synonyms": [
      "church",
      "churches"
    ]
  },
  {
    "value": "hindu_temple",
    "synonyms": [
      "hindu_temple",
      "temple",
      "temples"
    ]
  },
  {
    "value": "mosque",
    "synonyms": [
      "mosque",
      "mosques"
    ]
  },
  {
    "value": "zoo",
    "synonyms": [
      "zoo",
      "zoos"
    ]
  }
]