[
  {
    "value": "address",
    "synonyms": [
      "address",
      "locate",
      "located",
      "location"
    ]
  },
  {
    "value": "direction",
    "synonyms": [
      "direction",
      "get to",
      "go to"
    ]
  },
  {
    "value": "duration",
    "synonyms": [
      "Travel Duration",
      "duration",
      "recommended duration",
      "recommended travel duration",
      "travel duration"
    ]
  },
  {
    "value": "introduction",
    "synonyms": [
      "intro",
      "introduction",
      "the info",
      "the introduction"
    ]
  },
  {
    "value": "open",
    "synonyms": [
      "close",
      "closing",
      "open",
      "opening",
      "operating",
      "operation"
    ]
  },
  {
    "value": "something",
    "synonyms": [
      "about",
      "something",
      "sth"
    ]
  },
  {
    "value": "weather",
    "synonyms": [
      "rain",
      "raining",
      "sunny",
      "umbrella",
      "weather"
    ]
  }
]