[
  {
    "value": "business",
    "synonyms": [
      "Office colleagues",
      "business"
    ]
  },
  {
    "value": "couple",
    "synonyms": [
      "boyfriend",
      "couple",
      "couples",
      "girlfriend",
      "husband",
      "partner",
      "spouse",
      "wife"
    ]
  },
  {
    "value": "family",
    "synonyms": [
      "families",
      "family"
    ]
  },
  {
    "value": "friends",
    "synonyms": [
      "friends"
    ]
  },
  {
    "value": "solo",
    "synonyms": [
      "alone",
      "backpacker",
      "individual",
      "myself",
      "no one",
      "solo"
    ]
  }
]